<?xml version="1.0" encoding="utf-8" ?>
<codeSmith>
	<!-- template that will be used to generate code -->
	<template path="hashtable.cst" />
	
	<!-- namespace for the generated code -->
	<namespace>VBCodeGeneratorSample</namespace>
	
	<!-- namespaces that should be imported -->
	<imports>
		<import namespace="System" />
		<import namespace="System.Collections" />
	</imports>
	
	<!-- any number of variables can be setup for use in the propery sets -->
	<variables>
		<!-- this variable can be used in the property sets like $(SomeVariable) -->
		<add key="SomeVariable" value="SomeValue" />
	</variables>
	
	<!-- any properties can be setup here as defaults and can be overridden in each property set -->
	<defaultProperties>
		<property name="Accessibility">Public</property>
	</defaultProperties>
	
	<!-- list of property sets which each get loaded into the template and executed -->
	<propertySets>
		<propertySet>
			<property name="KeyType">String</property>
			<property name="ItemType">String</property>
			<property name="ClassName">StringHashtable</property>
		</propertySet>
		<propertySet>
			<property name="KeyType">String</property>
			<property name="ItemType">Integer</property>
			<property name="ClassName">StringIntHashtable</property>
		</propertySet>
		<propertySet>
			<property name="KeyType">Integer</property>
			<property name="ItemType">Integer</property>
			<property name="ClassName">IntHashtable</property>
		</propertySet>
	</propertySets>
</codeSmith>
