<?xml version="1.0" encoding="utf-8"?>
<definitions>
  <definition name="C#" caseSensitive="true">
    <pattern name="Keywords" type="word">
	  <font name="Courier New" size="11" style="regular" foreColor="blue" backColor="white"/>
      <word>private</word>
      <word>protected</word>
      <word>public</word>
      <word>namespace</word>
      <word>class</word>
      <word>break</word>
      <word>for</word>
      <word>if</word>
      <word>else</word>
      <word>while</word>
      <word>switch</word>
      <word>case</word>
      <word>using</word>
      <word>return</word>
      <word>null</word>
      <word>void</word>
      <word>int</word>
      <word>bool</word>
      <word>string</word>
      <word>float</word>
      <word>this</word>
      <word>new</word>
      <word>true</word>
      <word>false</word>
      <word>const</word>
      <word>static</word>
      <word>base</word>
      <word>foreach</word>
      <word>in</word>
      <word>try</word>
      <word>catch</word>
      <word>finally</word>
      <word>get</word> 
      <word>set</word>
      <word>char</word>
      <word>default</word>
      <word>internal</word>
      <word>abstract</word>
      <word>sealed</word>
      <word>override</word>
    </pattern>
    <pattern name="Operators" type="word">
	  <font name="Courier New" size="11" style="regular" foreColor="red" backColor="white"/>
      <word>+</word>
      <word>-</word>
      <word>=</word>
      <word>%</word>
      <word>*</word>
      <word>/</word>
    </pattern>
    <pattern name="String" type="block" beginsWith="&quot;" endsWith="&quot;" escapesWith="\">
	  <font name="Courier New" size="11" style="regular" foreColor="#666666" backColor="#ededed"/>
    </pattern>
    <pattern name="VerbatimString" type="block" beginsWith="@&quot;" endsWith="&quot;">
      <font name="Courier New" size="11" style="regular" foreColor="#666666" backColor="#ededed"/>
    </pattern>
    <pattern name="Comment" type="block" beginsWith="//" endsWith="\n">
	  <font name="Courier New" size="11" style="regular" foreColor="green" backColor="white"/>
    </pattern>
    <pattern name="MultiLineComment" type="block" beginsWith="/*" endsWith="*/">
	  <font name="Courier New" size="11" style="regular" foreColor="green" backColor="white"/>
    </pattern>
    <pattern name="PreprocessorDirectives" type="word">
      <font name="Courier New" size="11" style="regular" foreColor="blue" backColor="white"/>
      <word>#if</word>
      <word>#else</word>
      <word>#elif</word>
      <word>#endif</word>
      <word>#define</word>
      <word>#undef</word>
      <word>#warning</word>
      <word>#error</word>
      <word>#line</word>
      <word>#region</word>
      <word>#endregion</word>
      <word>#pragma</word>
    </pattern>
  </definition>
  <definition name="VB.NET" caseSensitive="false">
    <pattern name="Keywords" type="word">
	  <font name="Courier New" size="11" style="regular" foreColor="blue" backColor="white"/>
      <word>Private</word>
      <word>Protected</word>
      <word>Public</word>
      <word>Namespace</word>
      <word>Exit</word>
      <word>Class</word>
      <word>Goto</word>
      <word>Try</word>
      <word>Catch</word>
      <word>For</word>
      <word>If</word>
      <word>Else</word>
      <word>ElseIf</word>
      <word>Next</word>
      <word>While</word>
      <word>And</word>
      <word>Do</word>
      <word>Loop</word>
      <word>Dim</word>
      <word>As</word>
      <word>Select</word>
      <word>Case</word>
      <word>Or</word>
      <word>Imports</word>
      <word>Then</word>
      <word>Integer</word>
      <word>Long</word>
      <word>String</word>
      <word>Overloads</word>
      <word>True</word>
      <word>Overrides</word>
      <word>Sub</word>
      <word>Me</word>
      <word>Function</word>
      <word>Get</word>
      <word>end</word>
      <word>Friend</word>
      <word>Inherits</word>
      <word>Implements</word>
      <word>Return</word>
      <word>Not</word>
      <word>New</word>
      <word>Shared</word>
      <word>Nothing</word>
      <word>Finally</word>
      <word>False</word>
      <word>Me</word>
      <word>My</word>
      <word>MyBase</word>
      <word>CType</word>
      <word>Each</word>
      <word>In</word>
      <word>ByVal</word>
      <word>ByRef</word>
      <word>Handles</word>
      <word>Page</word>
      <word>Response</word>
      <word>Write</word>
      <word>Cookies</word>
      <word>With</word>
    </pattern>
    <pattern name="Comments" type="block" beginsWith="&apos;" endsWith="\n">
	  <font name="Courier New" size="11" style="regular" foreColor="green" backColor="white"/>
    </pattern>
    <pattern name="Operators" type="word">
	  <font name="Courier New" size="11" style="regular" foreColor="red" backColor="white"/>
      <word>+</word>
      <word>-</word>
      <word>=</word>
      <word>%</word>
      <word>*</word>
      <word>/</word>
    </pattern>
  </definition>
  <definition name="J#" caseSensitive="true">
    <pattern name="Keywords" type="word">
	  <font name="Courier New" size="11" style="regular" foreColor="blue" backColor="white"/>
      <word>private</word>
      <word>protected</word>
      <word>public</word>
      <word>namespace</word>
      <word>class</word>
      <word>var</word>
      <word>for</word>
      <word>if</word>
      <word>else</word>
      <word>while</word>
      <word>switch</word>
      <word>case</word>
      <word>using</word>
      <word>get</word>
      <word>return</word>
      <word>null</word>
      <word>void</word>
      <word>int</word>
      <word>string</word>
      <word>float</word>
      <word>this</word>
      <word>set</word>
      <word>new</word>
      <word>true</word>
      <word>false</word>
      <word>const</word>
      <word>static</word>
      <word>package</word>
      <word>function,</word>
      <word>internal</word>
      <word>extends</word>
      <word>super</word>
      <word>import</word>
      <word>default</word>
      <word>break</word>
      <word>try</word>
      <word>catch</word>
      <word>finally</word>
    </pattern>
    <pattern name="Comment" type="block" beginsWith="//" endsWith="\n">
	  <font name="Courier New" size="11" style="regular" foreColor="green" backColor="white"/>
    </pattern>
    <pattern name="MultiLineComment" type="block" beginsWith="/*" endsWith="*/">
	  <font name="Courier New" size="11" style="regular" foreColor="green" backColor="white"/>
    </pattern>
    <pattern name="Operators" type="word">
	  <font name="Courier New" size="11" style="regular" foreColor="red" backColor="white"/>
      <word>+</word>
      <word>-</word>
      <word>=</word>
    </pattern>
  </definition>
  <definition name="T-SQL" caseSensitive="false">
    <pattern name="Keywords" type="word">
      <font name="Courier New" size="11" style="regular" foreColor="blue" backColor="white"/>
      <word>RETURNS</word>
      <word>FUNCTION</word>
      <word>bigint</word>
      <word>binary</word>
      <word>bit</word>
      <word>char</word>
      <word>datetime</word>
      <word>decimal</word>
      <word>float</word>
      <word>image</word>
      <word>int</word>
      <word>money</word>
      <word>nchar</word>
      <word>ntext</word>
      <word>numeric</word>
      <word>nvarchar</word>
      <word>real</word>
      <word>smalldatetime</word>
      <word>smallint</word>
      <word>smallmoney</word>
      <word>sql_variant</word>
      <word>text</word>
      <word>timestamp</word>
      <word>tinyint</word>
      <word>uniqueidentifier</word>
      <word>varbinary</word>
      <word>varchar</word>
      <word>ADD</word>
      <word>EXIT</word>
      <word>PRIMARY</word>
      <word>ALL</word>
      <word>FETCH</word>
      <word>PRINT</word>
      <word>ALTER</word>
      <word>FILE</word>
      <word>PRIVILEGES</word>
      <word>AND</word>
      <word>FILLFACTOR</word>
      <word>PROC</word>
      <word>ANY</word>
      <word>FLOPPY</word>
      <word>PROCEDURE</word>
      <word>AS</word>
      <word>FOR</word>
      <word>PROCESSEXIT</word>
      <word>ASC</word>
      <word>FOREIGN</word>
      <word>PUBLIC</word>
      <word>AUTHORIZATION</word>
      <word>FREETEXT</word>
      <word>RAISERROR</word>
      <word>AVG</word>
      <word>FREETEXTTABLE</word>
      <word>READ</word>
      <word>BACKUP</word>
      <word>FROM</word>
      <word>READTEXT</word>
      <word>BEGIN</word>
      <word>FULL</word>
      <word>RECONFIGURE</word>
      <word>BETWEEN</word>
      <word>GOTO</word>
      <word>REFERENCES</word>
      <word>BREAK</word>
      <word>GRANT</word>
      <word>REPEATABLE</word>
      <word>BROWSE</word>
      <word>GROUP</word>
      <word>REPLICATION</word>
      <word>BULK</word>
      <word>HAVING</word>
      <word>RESTORE</word>
      <word>BY</word>
      <word>HOLDLOCK</word>
      <word>RESTRICT</word>
      <word>CASCADE</word>
      <word>IDENTITY</word>
      <word>RETURN</word>
      <word>CASE</word>
      <word>IDENTITY_INSERT</word>
      <word>REVOKE</word>
      <word>CHECK</word>
      <word>IDENTITYCOL</word>
      <word>RIGHT</word>
      <word>CHECKPOINT</word>
      <word>IF</word>
      <word>ROLLBACK</word>
      <word>CLOSE</word>
      <word>IN</word>
      <word>ROWCOUNT</word>
      <word>CLUSTERED</word>
      <word>INDEX</word>
      <word>ROWGUIDCOL</word>
      <word>COALESCE</word>
      <word>INNER</word>
      <word>RULE</word>
      <word>COLUMN</word>
      <word>INSERT</word>
      <word>SAVE</word>
      <word>COMMIT</word>
      <word>INTERSECT</word>
      <word>SCHEMA</word>
      <word>COMMITTED</word>
      <word>INTO</word>
      <word>SELECT</word>
      <word>COMPUTE</word>
      <word>IS</word>
      <word>SERIALIZABLE</word>
      <word>CONFIRM</word>
      <word>ISOLATION</word>
      <word>SESSION_USER</word>
      <word>CONSTRAINT</word>
      <word>JOIN</word>
      <word>SET</word>
      <word>CONTAINS</word>
      <word>KEY</word>
      <word>SETUSER</word>
      <word>CONTAINSTABLE</word>
      <word>KILL</word>
      <word>SHUTDOWN</word>
      <word>CONTINUE</word>
      <word>LEFT</word>
      <word>SOME</word>
      <word>CONTROLROW</word>
      <word>LEVEL</word>
      <word>STATISTICS</word>
      <word>CONVERT</word>
      <word>LIKE</word>
      <word>SUM</word>
      <word>COUNT</word>
      <word>LINENO</word>
      <word>SYSTEM_USER</word>
      <word>CREATE</word>
      <word>LOAD</word>
      <word>TABLE</word>
      <word>CROSS</word>
      <word>MAX</word>
      <word>TAPE</word>
      <word>CURRENT</word>
      <word>MIN</word>
      <word>TEMP</word>
      <word>CURRENT_DATE</word>
      <word>MIRROREXIT</word>
      <word>TEMPORARY</word>
      <word>CURRENT_TIME</word>
      <word>NATIONAL</word>
      <word>TEXTSIZE</word>
      <word>CURRENT_TIMESTAMP</word>
      <word>NOCHECK</word>
      <word>THEN</word>
      <word>CURRENT_USER</word>
      <word>NONCLUSTERED</word>
      <word>TO</word>
      <word>CURSOR</word>
      <word>NOT</word>
      <word>TOP</word>
      <word>DATABASE</word>
      <word>NULL</word>
      <word>TRAN</word>
      <word>DBCC</word>
      <word>NULLIF</word>
      <word>TRANSACTION</word>
      <word>DEALLOCATE</word>
      <word>OF</word>
      <word>TRIGGER</word>
      <word>DECLARE</word>
      <word>OFF</word>
      <word>TRUNCATE</word>
      <word>DEFAULT</word>
      <word>OFFSETS</word>
      <word>TSEQUAL</word>
      <word>DELETE</word>
      <word>ON</word>
      <word>UNCOMMITTED</word>
      <word>DENY</word>
      <word>ONCE</word>
      <word>UNION</word>
      <word>DESC</word>
      <word>ONLY</word>
      <word>UNIQUE</word>
      <word>DISK</word>
      <word>OPEN</word>
      <word>UPDATE</word>
      <word>DISTINCT</word>
      <word>OPENDATASOURCE</word>
      <word>UPDATETEXT</word>
      <word>DISTRIBUTED</word>
      <word>OPENQUERY</word>
      <word>USE</word>
      <word>DOUBLE</word>
      <word>OPENROWSET</word>
      <word>USER</word>
      <word>DROP</word>
      <word>OPTION</word>
      <word>VALUES</word>
      <word>DUMMY</word>
      <word>OR</word>
      <word>VARYING</word>
      <word>DUMP</word>
      <word>ORDER</word>
      <word>VIEW</word>
      <word>ELSE</word>
      <word>OUTER</word>
      <word>WAITFOR</word>
      <word>END</word>
      <word>OVER</word>
      <word>WHEN</word>
      <word>ERRLVL</word>
      <word>PERCENT</word>
      <word>WHERE</word>
      <word>ERROREXIT</word>
      <word>PERM</word>
      <word>WHILE</word>
      <word>ESCAPE</word>
      <word>PERMANENT</word>
      <word>WITH</word>
      <word>EXCEPT</word>
      <word>PIPE</word>
      <word>WORK</word>
      <word>EXEC</word>
      <word>PLAN</word>
      <word>WRITETEXT</word>
      <word>EXECUTE</word>
      <word>PRECISION</word>
      <word>EXISTS</word>
      <word>PREPARE</word>
      <word>ABSOLUTE</word>
      <word>EXEC</word>
      <word>OVERLAPS</word>
      <word>ACTION</word>
      <word>EXECUTE</word>
      <word>PAD</word>
      <word>ADA</word>
      <word>EXISTS</word>
      <word>PARTIAL</word>
      <word>ADD</word>
      <word>EXTERNAL</word>
      <word>PASCAL</word>
      <word>ALL</word>
      <word>EXTRACT</word>
      <word>POSITION</word>
      <word>ALLOCATE</word>
      <word>FALSE</word>
      <word>PRECISION</word>
      <word>ALTER</word>
      <word>FETCH</word>
      <word>PREPARE</word>
      <word>AND</word>
      <word>FIRST</word>
      <word>PRESERVE</word>
      <word>ANY</word>
      <word>FLOAT</word>
      <word>PRIMARY</word>
      <word>ARE</word>
      <word>FOR</word>
      <word>PRIOR</word>
      <word>AS</word>
      <word>FOREIGN</word>
      <word>PRIVILEGES</word>
      <word>ASC</word>
      <word>FORTRAN</word>
      <word>PROCEDURE</word>
      <word>ASSERTION</word>
      <word>FOUND</word>
      <word>PUBLIC</word>
      <word>AT</word>
      <word>FROM</word>
      <word>READ</word>
      <word>AUTHORIZATION</word>
      <word>FULL</word>
      <word>REAL</word>
      <word>AVG</word>
      <word>GET</word>
      <word>REFERENCES</word>
      <word>BEGIN</word>
      <word>GLOBAL</word>
      <word>RELATIVE</word>
      <word>BETWEEN</word>
      <word>GO</word>
      <word>RESTRICT</word>
      <word>BIT</word>
      <word>GOTO</word>
      <word>REVOKE</word>
      <word>BIT_LENGTH</word>
      <word>GRANT</word>
      <word>RIGHT</word>
      <word>BOTH</word>
      <word>GROUP</word>
      <word>ROLLBACK</word>
      <word>BY</word>
      <word>HAVING</word>
      <word>ROWS</word>
      <word>CASCADE</word>
      <word>HOUR</word>
      <word>SCHEMA</word>
      <word>CASCADED</word>
      <word>IDENTITY</word>
      <word>SCROLL</word>
      <word>CASE</word>
      <word>IMMEDIATE</word>
      <word>SECOND</word>
      <word>CAST</word>
      <word>IN</word>
      <word>SECTION</word>
      <word>CATALOG</word>
      <word>INCLUDE</word>
      <word>SELECT</word>
      <word>CHAR</word>
      <word>INDEX</word>
      <word>SESSION</word>
      <word>CHAR_LENGTH</word>
      <word>INDICATOR</word>
      <word>SESSION_USER</word>
      <word>CHARACTER</word>
      <word>INITIALLY</word>
      <word>SET</word>
      <word>CHARACTER_LENGTH</word>
      <word>INNER</word>
      <word>SIZE</word>
      <word>CHECK</word>
      <word>INPUT</word>
      <word>SMALLINT</word>
      <word>CLOSE</word>
      <word>INSENSITIVE</word>
      <word>SOME</word>
      <word>COALESCE</word>
      <word>INSERT</word>
      <word>SPACE</word>
      <word>COLLATE</word>
      <word>INT</word>
      <word>SQL</word>
      <word>COLLATION</word>
      <word>INTEGER</word>
      <word>SQLCA</word>
      <word>COLUMN</word>
      <word>INTERSECT</word>
      <word>SQLCODE</word>
      <word>COMMIT</word>
      <word>INTERVAL</word>
      <word>SQLERROR</word>
      <word>CONNECT</word>
      <word>INTO</word>
      <word>SQLSTATE</word>
      <word>CONNECTION</word>
      <word>IS</word>
      <word>SQLWARNING</word>
      <word>CONSTRAINT</word>
      <word>ISOLATION</word>
      <word>SUBSTRING</word>
      <word>CONSTRAINTS</word>
      <word>JOIN</word>
      <word>SUM</word>
      <word>CONTINUE</word>
      <word>KEY</word>
      <word>SYSTEM_USER</word>
      <word>CONVERT</word>
      <word>definition</word>
      <word>TABLE</word>
      <word>CORRESPONDING</word>
      <word>LAST</word>
      <word>TEMPORARY</word>
      <word>COUNT</word>
      <word>LEADING</word>
      <word>THEN</word>
      <word>CREATE</word>
      <word>LEFT</word>
      <word>TIME</word>
      <word>CROSS</word>
      <word>LEVEL</word>
      <word>TIMESTAMP</word>
      <word>CURRENT</word>
      <word>LIKE</word>
      <word>TIMEZONE_HOUR</word>
      <word>CURRENT_DATE</word>
      <word>LOCAL</word>
      <word>TIMEZONE_MINUTE</word>
      <word>CURRENT_TIME</word>
      <word>LOWER</word>
      <word>TO</word>
      <word>CURRENT_TIMESTAMP</word>
      <word>MATCH</word>
      <word>TRAILING</word>
      <word>CURRENT_USER</word>
      <word>MAX</word>
      <word>TRANSACTION</word>
      <word>CURSOR</word>
      <word>MIN</word>
      <word>TRANSLATE</word>
      <word>DATE</word>
      <word>MINUTE</word>
      <word>TRANSLATION</word>
      <word>DAY</word>
      <word>MODULE</word>
      <word>TRIM</word>
      <word>DEALLOCATE</word>
      <word>MONTH</word>
      <word>TRUE</word>
      <word>DEC</word>
      <word>NAMES</word>
      <word>UNION</word>
      <word>DECIMAL</word>
      <word>NATIONAL</word>
      <word>UNIQUE</word>
      <word>DECLARE</word>
      <word>NATURAL</word>
      <word>UNKNOWN</word>
      <word>DEFAULT</word>
      <word>NCHAR</word>
      <word>UPDATE</word>
      <word>DEFERRABLE</word>
      <word>NEXT</word>
      <word>UPPER</word>
      <word>DEFERRED</word>
      <word>NO</word>
      <word>USAGE</word>
      <word>DELETE</word>
      <word>NONE</word>
      <word>USER</word>
      <word>DESC</word>
      <word>NOT</word>
      <word>USING</word>
      <word>DESCRIBE</word>
      <word>NULL</word>
      <word>VALUE</word>
      <word>DESCRIPTOR</word>
      <word>NULLIF</word>
      <word>VALUES</word>
      <word>DIAGNOSTICS</word>
      <word>NUMERIC</word>
      <word>VARCHAR</word>
      <word>DISCONNECT</word>
      <word>OCTET_LENGTH</word>
      <word>VARYING</word>
      <word>DISTINCT</word>
      <word>OF</word>
      <word>VIEW</word>
      <word>DOMAIN</word>
      <word>ON</word>
      <word>WHEN</word>
      <word>DOUBLE</word>
      <word>ONLY</word>
      <word>WHENEVER</word>
      <word>DROP</word>
      <word>OPEN</word>
      <word>WHERE</word>
      <word>ELSE</word>
      <word>OPTION</word>
      <word>WITH</word>
      <word>END</word>
      <word>OR</word>
      <word>WORK</word>
      <word>END-EXEC</word>
      <word>ORDER</word>
      <word>WRITE</word>
      <word>ESCAPE</word>
      <word>OUTER</word>
      <word>YEAR</word>
      <word>EXCEPT</word>
      <word>OUTPUT</word>
      <word>ZONE</word>
      <word>EXCEPTION</word>
    </pattern>
    <pattern name="Comment" type="block" beginsWith="--" endsWith="\n">
	  <font name="Courier New" size="11" style="regular" foreColor="green" backColor="white"/>
    </pattern>
    <pattern name="MultiLineComment" type="block" beginsWith="/*" endsWith="*/">
	  <font name="Courier New" size="11" style="regular" foreColor="green" backColor="white"/>
    </pattern>
    <pattern name="String" type="block" beginsWith="'" endsWith="'">
	  <font name="Courier New" size="11" style="regular" foreColor="red" backColor="white"/>
    </pattern>
  </definition>
</definitions>