<?xml version="1.0" encoding="utf-8" ?>
<codeSmith>
	<namespace>TypedDataSetTester</namespace>
	<imports>
		<import namespace="System" />
		<import namespace="System.IO" />
		<import namespace="System.Collections" />
		<import namespace="System.Data" />
		<import namespace="System.Data.SqlClient" />
		<import namespace="System.ComponentModel" />
		<import namespace="System.ComponentModel.Design" />
		<import namespace="System.Xml" />
		<import namespace="System.Xml.Schema" />
		<import namespace="System.Runtime.Serialization" />
	</imports>
	<propertySets>
		<propertySet>
			<property name="SourceTable">
				<connectionString>server=(local)\NetSDK;database=Northwind;integrated security=true;</connectionString>
				<providerType>SchemaExplorer.SqlSchemaProvider,SchemaExplorer.SqlSchemaProvider</providerType>
				<tableName>Customers</tableName>
			</property>
		</propertySet>
		<propertySet>
			<property name="SourceTable">
				<connectionString>server=(local)\NetSDK;database=Northwind;integrated security=true;</connectionString>
				<providerType>SchemaExplorer.SqlSchemaProvider,SchemaExplorer.SqlSchemaProvider</providerType>
				<tableName>Orders</tableName>
			</property>
		</propertySet>
	</propertySets>
	<template path="../template/typeddataset.cst" />
</codeSmith>
