<?xml version="1.0" encoding="utf-8" ?>
<codeSmith>
	<namespace>CSharpCodeGeneratorSample</namespace>
	<imports>
		<import namespace="System" />
		<import namespace="System.Collections" />
	</imports>
	<propertySets>
		<propertySet>
			<property name="KeyType">string</property>
			<property name="ItemType">string</property>
			<property name="ClassName">StringHashtable</property>
		</propertySet>
		<propertySet>
			<property name="KeyType">string</property>
			<property name="ItemType">int</property>
			<property name="ClassName">StringIntHashtable</property>
		</propertySet>
		<propertySet>
			<property name="KeyType">int</property>
			<property name="ItemType">int</property>
			<property name="ClassName">IntHashtable</property>
		</propertySet>
	</propertySets>
	<template path="hashtable.cst" />
</codeSmith>
